<?xml version="1.0" encoding="UTF-8" standalone="yes"?>
<addon id="plugin.program.karvajal" name="Karvajal Todo en Uno" version="1.0" provider-name="Karvajal">
  <requires>
    <import addon="xbmc.python" version="2.1.0"/>
  </requires>
  <extension point="xbmc.python.pluginsource" library="default.py">
    <provides>executable</provides>
  </extension>
  <extension point="xbmc.service" library="startup.py" start="startup" />
  <extension point="xbmc.addon.metadata">
    <summary lang="en">Karvajal Todo en Uno</summary>
    <description lang="en">Wizard para Karvajal Todo en Uno</description>
    <platform>all</platform>
  </extension>
</addon>